# source_ids: S23, S03
# metric: software-engineering task success rate (%) under three different graders.
# units: percent of tasks/PRs. Denominators differ by row and MUST be stated on the chart:
#   row 1 and 2 are over SWE-bench Verified tasks/PRs; row 3 is over SWE-bench Pro tasks.
# dataset_version: SWE-bench Verified (proprietary-model average) and SWE-bench Pro, as
#   reported 2026; METR maintainer study of 296 AI-generated pull requests (2026-03-10).
# date_range: 2025-2026
# transformation: none. Values copied verbatim from the Pass A report table "Evaluation
#   Framework / Automated Grader Score (%) / Real-World Maintainer Merge Rate (%)"
#   (locators A:[cite:3], A:[cite:23,25]).
#   NOTE: these are NOT three measurements of one quantity. The chart labels each bar with its
#   own grader and denominator and does not draw a trend line between them.
# render_command: python charts/render_charts.py benchmark_vs_reality
grader,value_pct,denominator
"SWE-bench Verified — automated grader",79.4,"SWE-bench Verified tasks"
"Same PRs — human maintainer merge rate",39.7,"296 AI-generated pull requests"
"SWE-bench Pro — held-out commercial repos",23.0,"SWE-bench Pro tasks"
